epoch,loss,rmse_train,rmse_val
1,7.510313457714801e-07,0.0008657953003421426,
2,7.4938366196875e-07,0.0008648520451970398,
3,7.477539384126431e-07,0.0008639176958240569,
4,7.461414520548715e-07,0.0008629918447695673,
5,7.445452138199471e-07,0.0008620740845799446,
6,7.429641664202791e-07,0.0008611641824245453,
7,7.413986895699054e-07,0.000860261672642082,
8,7.398472484965168e-07,0.0008593662059865892,
9,7.383098318314296e-07,0.000858477724250406,
10,7.36785418666841e-07,0.0008575957617722452,
11,7.352739453381218e-07,0.0008567197364754975,
12,7.337740908042179e-07,0.000855849648360163,
13,7.322857686631324e-07,0.0008549852063879371,
14,7.308087424462428e-07,0.000854126235935837,
15,7.293423959708889e-07,0.0008532722713425756,
16,7.278858925019449e-07,0.0008524230215698481,
17,7.26439063782891e-07,0.0008515784284099936,
18,7.250013027260139e-07,0.0008507380844093859,
19,7.23572084098123e-07,0.0008499018149450421,
20,7.221512123578578e-07,0.0008490693871863186,
21,7.207383987406502e-07,0.000848240393679589,
22,7.19332608696277e-07,0.0008474148344248533,
23,7.179339763752068e-07,0.0008465924183838069,
24,7.165418287513603e-07,0.0008457728545181453,
25,7.151558929763268e-07,0.0008449562010355294,
26,7.137762190723151e-07,0.0008441417594440281,
27,7.124016292436863e-07,0.0008433299954049289,
28,7.110325009307416e-07,0.0008425200940109789,
29,7.096682315932412e-07,0.0008417123463004827,
30,7.083086757120327e-07,0.000840906344819814,
31,7.069533330650302e-07,0.0008401020313613117,
32,7.056020035633992e-07,0.0008392991730943322,
33,7.042544530122541e-07,0.0008384976536035538,
34,7.029103153399773e-07,0.000837697007227689,
35,7.015690835032728e-07,0.0008368975832127035,
36,7.002308916526089e-07,0.0008360989158973098,
37,6.988954351072607e-07,0.0008353008306585252,
38,6.975619817239931e-07,0.000834503211081028,
39,6.962308179936372e-07,0.0008337062317878008,
40,6.949016415092047e-07,0.0008329093689098954,
41,6.935741566849174e-07,0.0008321127970702946,
42,6.922483476046182e-07,0.0008313162834383547,
43,6.909238550178998e-07,0.0008305195951834321,
44,6.896004242662457e-07,0.0008297227323055267,
45,6.882777756800351e-07,0.0008289257530122995,
46,6.869561525491008e-07,0.000828128308057785,
47,6.85635275203822e-07,0.0008273302810266614,
48,6.843144046797534e-07,0.0008265317883342505,
49,6.829942867625505e-07,0.0008257325971499085,
50,6.816740369686159e-07,0.000824932474642992,
51,6.803535802646365e-07,0.0008241317700594664,
52,6.790333895878576e-07,0.0008233300177380443,
53,6.777129783586134e-07,0.0008225273923017085,
54,6.763922056052251e-07,0.0008217237191274762,
55,6.750711349923222e-07,0.0008209189400076866,
56,6.737494595654425e-07,0.0008201129967346787,
57,6.724271179336939e-07,0.0008193058893084526,
58,6.711041669404949e-07,0.0008184975595213473,
59,6.697804451505362e-07,0.0008176877163350582,
60,6.68455534196255e-07,0.00081687665078789,
61,6.67130213969358e-07,0.000816064071841538,
62,6.658037341367162e-07,0.0008152500377036631,
63,6.64476008296333e-07,0.0008144347229972482,
64,6.63147484374349e-07,0.0008136177784763277,
65,6.618176212214167e-07,0.0008127993787638843,
66,6.604867644455225e-07,0.0008119794074445963,
67,6.591548344658804e-07,0.0008111578063108027,
68,6.578215015906608e-07,0.0008103347499854863,
69,6.564872057879257e-07,0.0008095102966763079,
70,6.551521494202461e-07,0.0008086840971373022,
71,6.538153138535563e-07,0.0008078563259914517,
72,6.524775290017715e-07,0.0008070268086157739,
73,6.511383412544092e-07,0.0008061959524638951,
74,6.497981905795314e-07,0.0008053636411204934,
75,6.484570849352167e-07,0.0008045295253396034,
76,6.471148014952633e-07,0.0008036940125748515,
77,6.457713982399582e-07,0.0008028569864109159,
78,6.444270798056095e-07,0.0008020185632631183,
79,6.430819064462411e-07,0.0008011788595467806,
80,6.417359543320345e-07,0.0008003375260159373,
81,6.403890949968627e-07,0.0007994948537088931,
82,6.390414318957482e-07,0.0007986510754562914,
83,6.37693470935119e-07,0.000797805842012167,
84,6.363444026646902e-07,0.0007969595608301461,
85,6.349952161599504e-07,0.000796112057287246,
86,6.336456067401741e-07,0.0007952633313834667,
87,6.322955618998094e-07,0.000794413557741791,
88,6.309452578534546e-07,0.0007935630274005234,
89,6.295952300661156e-07,0.0007927116239443421,
90,6.282453057337989e-07,0.0007918594055809081,
91,6.268954427923745e-07,0.0007910063141025603,
92,6.255457014958665e-07,0.0007901525241322815,
93,6.241965456865728e-07,0.0007892983849160373,
94,6.228480674508319e-07,0.0007884437800385058,
95,6.215004771092935e-07,0.000787588709499687,
96,6.201535484251508e-07,0.0007867331732995808,
97,6.188075133195525e-07,0.0007858777535147965,
98,6.174630243549473e-07,0.0007850222173146904,
99,6.161198120935296e-07,0.0007841666229069233,
100,6.147780561605032e-07,0.0007833111449144781,
101,6.134381771971675e-07,0.0007824560743756592,
102,6.121001649717073e-07,0.0007816013530828059,
103,6.107643957875553e-07,0.0007807471556589007,
104,6.094307968851354e-07,0.0007798936567269266,
105,6.08099794590089e-07,0.0007790408562868834,
106,6.067713457014179e-07,0.0007781888707540929,
107,6.054458174276079e-07,0.0007773381075821817,
108,6.041234189524403e-07,0.000776488333940506,
109,6.02804207119334e-07,0.000775640073698014,
110,6.014889265770762e-07,0.000774793210439384,
111,6.001769668273482e-07,0.0007739478605799377,
112,5.988690713820687e-07,0.0007731043151579797,
113,5.975652459255798e-07,0.0007722625741735101,
114,5.962658826774714e-07,0.0007714230450801551,
115,5.949712681285746e-07,0.0007705858442932367,
116,5.936815352924895e-07,0.0007697505643591285,
117,5.923964761223033e-07,0.000768918136600405,
118,5.911170308081637e-07,0.0007680883281864226,
119,5.898430993056535e-07,0.000767261313740164,
120,5.885747134470875e-07,0.0007664372096769512,
121,5.873124928257312e-07,0.0007656164234504104,
122,5.860564704107674e-07,0.0007647988386452198,
123,5.848069031344494e-07,0.000763984804507345,
124,5.835639069573517e-07,0.0007631744374521077,
125,5.823280980621348e-07,0.0007623677956871688,
126,5.810991899579676e-07,0.0007615651120431721,
127,5.798776089704915e-07,0.0007607666193507612,
128,5.786637620985858e-07,0.0007599723758175969,
129,5.77457718691221e-07,0.0007591824978590012,
130,5.762595867508935e-07,0.0007583972183056176,
131,5.750696641371178e-07,0.0007576167699880898,
132,5.738882941841439e-07,0.0007568411529064178,
133,5.727155985368881e-07,0.0007560707745142281,
134,5.715519034765748e-07,0.0007553055183961987,
135,5.703971010007081e-07,0.0007545456173829734,
136,5.692517675015552e-07,0.0007537914207205176,
137,5.681160894255299e-07,0.0007530427537858486,
138,5.669900326665811e-07,0.00075229984940961,
139,5.658735994984454e-07,0.0007515630568377674,
140,5.647675425279885e-07,0.0007508322596549988,
141,5.636715434320649e-07,0.0007501076906919479,
142,5.625861092539708e-07,0.0007493895827792585,
143,5.615114969259594e-07,0.0007486780523322523,
144,5.60447457473856e-07,0.0007479730993509293,
145,5.593944320025912e-07,0.000747275014873594,
146,5.583526740338129e-07,0.0007465836242772639,
147,5.573218413701397e-07,0.0007458992186002433,
148,5.563024694765772e-07,0.0007452221470884979,
149,5.552949721732148e-07,0.000744552118703723,
150,5.54298848101098e-07,0.000743889540899545,
151,5.53314646367653e-07,0.0007432342390529811,
152,5.523422396436217e-07,0.0007425864459946752,
153,5.513818541658111e-07,0.0007419462199322879,
154,5.504335172190622e-07,0.0007413137354888022,
155,5.494973447639495e-07,0.000740688992664218,
156,5.485736267019093e-07,0.0007400719332508743,
157,5.47662066310295e-07,0.0007394630811177194,
158,5.467632172440062e-07,0.000738862028811127,
159,5.458767975596856e-07,0.0007382690091617405,
160,5.450028356790426e-07,0.0007376840221695602,
161,5.441414032247849e-07,0.0007371071842499077,
162,5.432926263893024e-07,0.0007365383789874613,
163,5.424563653377846e-07,0.0007359777227975428,
164,5.416329099716677e-07,0.0007354254485107958,
165,5.408221863945073e-07,0.000734881148673594,
166,5.400239399477868e-07,0.0007343452307395637,
167,5.392384366587067e-07,0.0007338175782933831,
168,5.384655867146648e-07,0.0007332981331273913,
169,5.377054867494735e-07,0.0007327869534492493,
170,5.369578400404862e-07,0.0007322840392589569,
171,5.362229444472178e-07,0.0007317893905565143,
172,5.355005089313636e-07,0.0007313029491342604,
173,5.347906198949204e-07,0.0007308247149921954,
174,5.340931159025786e-07,0.0007303546299226582,
175,5.334077957286354e-07,0.0007298925193026662,
176,5.327348719674774e-07,0.0007294386741705239,
177,5.320741763625847e-07,0.0007289928034879267,
178,5.314255440680426e-07,0.0007285550236701965,
179,5.307889784944564e-07,0.0007281251018866897,
180,5.301643693655933e-07,0.000727703096345067,
181,5.29551498402725e-07,0.000727288774214685,
182,5.289501427796495e-07,0.0007268823101185262,
183,5.283605435124628e-07,0.0007264834130182862,
184,5.277824618588056e-07,0.0007260921993292868,
185,5.272153555324621e-07,0.0007257085526362062,
186,5.266597884201474e-07,0.0007253323565237224,
187,5.261151579816215e-07,0.0007249633781611919,
188,5.25581291412891e-07,0.0007246016175486147,
189,5.250581386917475e-07,0.0007242470746859908,
190,5.245456384272985e-07,0.0007238995749503374,
191,5.240437644715712e-07,0.0007235590601339936,
192,5.235519745383499e-07,0.0007232253556139767,
193,5.230702493008721e-07,0.0007228985778056085,
194,5.225987388257636e-07,0.0007225783192552626,
195,5.221368371621793e-07,0.0007222646381705999,
196,5.216845920585911e-07,0.0007219573599286377,
197,5.212417295297201e-07,0.0007216564263217151,
198,5.208082450280926e-07,0.0007213616627268493,
199,5.203837088174623e-07,0.0007210730691440403,
200,5.199682095735625e-07,0.0007207903545349836,
201,5.195615040065605e-07,0.0007205135188996792,
202,5.191632465084695e-07,0.0007202424458228052,
203,5.187733802358707e-07,0.0007199769024737179,
204,5.183916971418512e-07,0.0007197169470600784,
205,5.180181210562296e-07,0.0007194624049589038,
206,5.176523461614125e-07,0.0007192131597548723,
207,5.172943326670066e-07,0.0007189689786173403,
208,5.169436542473704e-07,0.0007187298615463078,
209,5.16600385935817e-07,0.0007184956921264529,
210,5.16264354928353e-07,0.0007182663539424539,
211,5.159353395356448e-07,0.0007180417305789888,
212,5.156130475825194e-07,0.000717821647413075,
213,5.152973244548775e-07,0.0007176059298217297,
214,5.149881405941414e-07,0.0007173946360126138,
215,5.146852231519005e-07,0.0007171876495704055,
216,5.143886221503635e-07,0.0007169847376644611,
217,5.140979396855982e-07,0.0007167858420871198,
218,5.138130836712662e-07,0.0007165909628383815,
219,5.135338358286389e-07,0.0007163998088799417,
220,5.132600563229062e-07,0.0007162123220041394,
221,5.129917030899378e-07,0.0007160285604186356,
222,5.127286169681611e-07,0.0007158482330851257,
223,5.124705376147176e-07,0.0007156713982112706,
224,5.122174707139492e-07,0.0007154978229664266,
225,5.119691320487619e-07,0.0007153275073505938,
226,5.11725500018656e-07,0.0007151603349484503,
227,5.114863154176419e-07,0.0007149961893446743,
228,5.112515373184579e-07,0.000714834954123944,
229,5.110210508973978e-07,0.0007146766874939203,
230,5.107947481519659e-07,0.0007145211566239595,
231,5.105723744236456e-07,0.0007143683615140617,
232,5.103540502204851e-07,0.000714218127541244,
233,5.101394060602615e-07,0.0007140706293284893,
234,5.099285249343666e-07,0.000713925517629832,
235,5.097212147120444e-07,0.0007137826760299504,
236,5.095171547964128e-07,0.0007136422791518271,
237,5.093165884773043e-07,0.0007135040941648185,
238,5.091193395401206e-07,0.0007133682956919074,
239,5.089252931611554e-07,0.0007132344762794673,
240,5.087343299692293e-07,0.0007131026941351593,
241,5.085460873033299e-07,0.0007129729492589831,
242,5.083608198219735e-07,0.0007128451834432781,
243,5.081785104721348e-07,0.0007127192802727222,
244,5.079988272882475e-07,0.0007125952397473156,
245,5.078218543985713e-07,0.0007124730036593974,
246,5.076473269127746e-07,0.0007123523391783237,
247,5.074752016298589e-07,0.0007122334791347384,
248,5.07305588826057e-07,0.0007121162489056587,
249,5.071383679933205e-07,0.0007120005902834237,
250,5.069734254448122e-07,0.0007118863868527114,
251,5.068105122063571e-07,0.0007117737550288439,
252,5.066499022632342e-07,0.0007116625783964992,
253,5.064914091690298e-07,0.0007115527405403554,
254,5.063348623934871e-07,0.0007114442996680737,
255,5.061802653472114e-07,0.0007113372557796538,
256,5.060276396307018e-07,0.000711231492459774,
257,5.058768761045939e-07,0.0007111270097084343,
258,5.057279531683889e-07,0.0007110237493179739,
259,5.055807616827224e-07,0.0007109216530807316,
260,5.054353027844627e-07,0.0007108206045813859,
261,5.052914707448508e-07,0.0007107208366505802,
262,5.051493292285159e-07,0.0007106221746653318,
263,5.050086281244148e-07,0.000710524502210319,
264,5.048696414178267e-07,0.0007104279357008636,
265,5.047320803441835e-07,0.0007103323587216437,
266,5.045960574534547e-07,0.0007102378876879811,
267,5.044614226790145e-07,0.0007101442315615714,
268,5.043281805683364e-07,0.0007100515649653971,
269,5.041962583618443e-07,0.0007099598878994584,
270,5.040657595145603e-07,0.0007098690839484334,
271,5.039365180437017e-07,0.000709779211319983,
272,5.038086169406597e-07,0.0007096901535987854,
273,5.036818743064941e-07,0.0007096019107848406,
274,5.03556414059858e-07,0.0007095145410858095,
275,5.034321168295719e-07,0.0007094279280863702,
276,5.033089462358475e-07,0.0007093422464095056,
277,5.031870375660219e-07,0.000709257205016911,
278,5.030660997817904e-07,0.0007091729203239083,
279,5.029462977290677e-07,0.0007090895087458193,
280,5.028275597851462e-07,0.0007090066210366786,
281,5.02709905276788e-07,0.0007089246646501124,
282,5.025933194247045e-07,0.0007088432321324944,
283,5.02477682857716e-07,0.0007087626145221293,
284,5.023630831146875e-07,0.0007086826371960342,
285,5.022494065087812e-07,0.0007086033001542091,
286,5.021366575874708e-07,0.0007085246033966541,
287,5.020249398057786e-07,0.000708446663338691,
288,5.019141337925248e-07,0.0007083692471496761,
289,5.018041667881334e-07,0.0007082924712449312,
290,5.01695172943073e-07,0.0007082163356244564,
291,5.015870442548475e-07,0.0007081407238729298,
292,5.014797386593272e-07,0.0007080657524056733,
293,5.013733118630626e-07,0.0007079913048073649,
294,5.012676831483986e-07,0.0007079174974933267,
295,5.011629127693595e-07,0.0007078442722558975,
296,5.010589450193947e-07,0.0007077716290950775,
297,5.009558549318171e-07,0.0007076995098032057,
298,5.008535049455531e-07,0.0007076278561726213,
299,5.007519246191805e-07,0.0007075568428263068,
300,5.006511662486446e-07,0.0007074863533489406,
301,5.005511309263965e-07,0.0007074163295328617,
302,5.004518084206211e-07,0.000707346829585731,
303,5.003533271974448e-07,0.0007072778535075486,
304,5.002554087241152e-07,0.0007072093430906534,
305,5.001583474495419e-07,0.0007071413565427065,
306,5.000620035389148e-07,0.0007070738938637078,
307,4.999663156013412e-07,0.0007070068386383355,
308,4.99871364354476e-07,0.0007069403654895723,
309,4.997770838599535e-07,0.0007068742997944355,
310,4.996835195925086e-07,0.000706808699760586,
311,4.995904816951224e-07,0.0007067435071803629,
312,4.994982271000481e-07,0.0007066787802614272,
313,4.994066011931864e-07,0.0007066146936267614,
314,4.993157074295596e-07,0.0007065508980304003,
315,4.992254514490923e-07,0.0007064875680953264,
316,4.991358184724959e-07,0.0007064247620292008,
317,4.990467732568504e-07,0.0007063623052090406,
318,4.989583965198107e-07,0.0007063003140501678,
319,4.988706530184572e-07,0.0007062386721372604,
320,4.98783392686164e-07,0.0007061774958856404,
321,4.986968474440801e-07,0.0007061167270876467,
322,4.986107592230837e-07,0.0007060563657432795,
323,4.985254531675309e-07,0.0007059965282678604,
324,4.984407189567719e-07,0.0007059370400384068,
325,4.983565747807006e-07,0.0007058779592625797,
326,4.982729342373205e-07,0.0007058192859403789,
327,4.981899974154657e-07,0.0007057609618641436,
328,4.981075801424595e-07,0.0007057031034491956,
329,4.980256653652759e-07,0.0007056455942802131,
330,4.979443622232793e-07,0.0007055884343571961,
331,4.978635558927636e-07,0.0007055317400954664,
332,4.977833566499612e-07,0.0007054752786643803,
333,4.977037053777167e-07,0.0007054193993099034,
334,4.976245986654248e-07,0.0007053637527860701,
335,4.975459683009831e-07,0.0007053085137158632,
336,4.974679279712291e-07,0.0007052536238916218,
337,4.973904106009286e-07,0.0007051991415210068,
338,4.973133547991893e-07,0.0007051450083963573,
339,4.972369299593993e-07,0.0007050913409329951,
340,4.971610337634047e-07,0.0007050379063002765,
341,4.970855979991029e-07,0.0007049849373288453,
342,4.970107568169623e-07,0.0007049322593957186,
343,4.96936391982672e-07,0.0007048799889162183,
344,4.96862456884628e-07,0.0007048279512673616,
345,4.96789069757142e-07,0.0007047762628644705,
346,4.967161328295333e-07,0.0007047249819152057,
347,4.966436927134055e-07,0.0007046739920042455,
348,4.965717391769431e-07,0.0007046233513392508,
349,4.965002244716743e-07,0.0007045731181278825,
350,4.964292588738318e-07,0.0007045231177471578,
351,4.963587377915246e-07,0.0007044734666123986,
352,4.962887487636181e-07,0.0007044242229312658,
353,4.962191997037735e-07,0.0007043752120807767,
354,4.961500951594644e-07,0.000704326550476253,
355,4.960813521392992e-07,0.0007042782381176949,
356,4.960132298492681e-07,0.0007042302167974412,
357,4.959454997788271e-07,0.0007041825447231531,
358,4.958782767516823e-07,0.0007041351054795086,
359,4.958113629527361e-07,0.0007040880736894906,
360,4.957450232723204e-07,0.000704041332937777,
361,4.956790553478641e-07,0.0007039948832243681,
362,4.956135740030731e-07,0.0007039487245492637,
363,4.955485155733186e-07,0.0007039029151201248,
364,4.954838857429422e-07,0.0007038573385216296,
365,4.954196901962859e-07,0.0007038121111690998,
366,4.953559334808233e-07,0.0007037671166472137,
367,4.9529259058545e-07,0.000703722529578954,
368,4.952297479121625e-07,0.0007036782335489988,
369,4.951672565312037e-07,0.0007036341703496873,
370,4.951051369062043e-07,0.0007035903399810195,
371,4.950435391037899e-07,0.000703546917065978,
372,4.949822664457315e-07,0.0007035037269815803,
373,4.949213757754478e-07,0.0007034607697278261,
374,4.948609137045423e-07,0.0007034182199276984,
375,4.948009575400647e-07,0.0007033759029582143,
376,4.947412742239976e-07,0.0007033338188193738,
377,4.946821081830421e-07,0.000703292025718838,
378,4.94623277518258e-07,0.0007032505236566067,
379,4.945647503973305e-07,0.000703209254425019,
380,4.945066518757812e-07,0.0007031682762317359,
381,4.944489614899794e-07,0.0007031275308690965,
382,4.943917201671865e-07,0.0007030871347524226,
383,4.943347516928043e-07,0.0007030469714663923,
384,4.942782220496155e-07,0.0007030070410110056,
385,4.942220175507827e-07,0.0007029674015939236,
386,4.941661643442785e-07,0.0007029280532151461,
387,4.941107181366533e-07,0.0007028888794593513,
388,4.940556641486182e-07,0.000702850054949522,
389,4.940010126119887e-07,0.0007028114050626755,
390,4.939466703035578e-07,0.0007027730462141335,
391,4.938927099829015e-07,0.0007027349784038961,
392,4.938391111863893e-07,0.0007026970852166414,
393,4.937858318498911e-07,0.0007026594830676913,
394,4.937329333642992e-07,0.0007026221137493849,
395,4.93680329327617e-07,0.000702585035469383,
396,4.936281584377866e-07,0.0007025481318123639,
397,4.935763126923121e-07,0.0007025115191936493,
398,4.935248387027968e-07,0.0007024751394055784,
399,4.934736477935076e-07,0.0007024389924481511,
400,4.934228638830973e-07,0.0007024030783213675,
401,4.933723073463625e-07,0.0007023673970252275,
402,4.933221782721375e-07,0.0007023320067673922,
403,4.932723174988496e-07,0.0007022967329248786,
404,4.932228227971791e-07,0.0007022617501206696,
405,4.931736521029962e-07,0.0007022270583547652,
406,4.931248690809298e-07,0.0007021924830041826,
407,4.930762759158824e-07,0.0007021581986919045,
408,4.930280806547671e-07,0.0007021241472102702,
409,4.929801320940896e-07,0.0007020902703516185,
410,4.929326064484484e-07,0.0007020566263236105,
411,4.928853070396144e-07,0.0007020232733339071,
412,4.928383691549243e-07,0.0007019900949671865,
413,4.927917916575098e-07,0.0007019570330157876,
414,4.927453994696407e-07,0.0007019243785180151,
415,4.92699373353389e-07,0.0007018917822279036,
416,4.926537133087549e-07,0.0007018594769760966,
417,4.926083113332425e-07,0.0007018273463472724,
418,4.925631299101952e-07,0.0007017954485490918,
419,4.925183043269499e-07,0.000701763725373894,
420,4.924737879719032e-07,0.0007017322932370007,
421,4.924295546970825e-07,0.0007017009193077683,
422,4.923855897231988e-07,0.0007016698364168406,
423,4.923419237456983e-07,0.0007016389863565564,
424,4.922985669963964e-07,0.000701608310919255,
425,4.922555501707393e-07,0.0007015778683125973,
426,4.922127186546277e-07,0.0007015474839136004,
427,4.921702168303454e-07,0.0007015173905529082,
428,4.921279412428703e-07,0.0007014875882305205,
429,4.920860169477237e-07,0.0007014579023234546,
430,4.920443029732269e-07,0.0007014283910393715,
431,4.920029039112705e-07,0.0007013990543782711,
432,4.919617822451982e-07,0.0007013700087554753,
433,4.919209391118784e-07,0.0007013410795480013,
434,4.918803017517348e-07,0.000701312383171171,
435,4.918400566111813e-07,0.0007012838032096624,
436,4.917999387998861e-07,0.0007012554560787976,
437,4.917602086607076e-07,0.0007012272835709155,
438,4.917205342280794e-07,0.0007011992274783552,
439,4.916813395539066e-07,0.0007011714624240994,
440,4.91642293809491e-07,0.0007011437555775046,
441,4.916035004498554e-07,0.0007011163397692144,
442,4.915649640224729e-07,0.000701089040376246,
443,4.915266492844239e-07,0.0007010619156062603,
444,4.914886176266009e-07,0.0007010350236669183,
445,4.914508281217423e-07,0.0007010081899352372,
446,4.914133273814514e-07,0.0007009817054495215,
447,4.913760267299949e-07,0.0007009552791714668,
448,4.913389784633182e-07,0.0007009290275163949,
449,4.913021780339477e-07,0.0007009029504843056,
450,4.912656754640921e-07,0.0007008770480751991,
451,4.91229343424493e-07,0.0007008513784967363,
452,4.911932785489625e-07,0.0007008258253335953,
453,4.911574148991348e-07,0.000700800446793437,
454,4.911218138659024e-07,0.0007007751264609396,
455,4.910864129215042e-07,0.0007007500971667469,
456,4.91051243898255e-07,0.0007007251842878759,
457,4.910163897875463e-07,0.0007007004460319877,
458,4.909816686904378e-07,0.0007006758241914213,
459,4.909471692826628e-07,0.0007006514351814985,
460,4.909129165753256e-07,0.0007006271625868976,
461,4.908789264845837e-07,0.0007006030646152794,
462,4.908451114715717e-07,0.0007005790830589831,
463,4.908115181478933e-07,0.0007005552761256695,
464,4.907781305973913e-07,0.0007005317020229995,
465,4.907450784230605e-07,0.0007005082443356514,
466,4.907121274300152e-07,0.0007004848448559642,
467,4.906794140424608e-07,0.0007004616199992597,
468,4.906468291210331e-07,0.000700438569765538,
469,4.906146671146416e-07,0.0007004156359471381,
470,4.905824573597783e-07,0.0007003929349593818,
471,4.905506398245052e-07,0.0007003702921792865,
472,4.905189143755706e-07,0.0007003478822298348,
473,4.904874879230193e-07,0.000700325530488044,
474,4.904562410956714e-07,0.0007003034115768969,
475,4.904251591142384e-07,0.0007002813508734107,
476,4.9039419991459e-07,0.0007002594065852463,
477,4.903635556274821e-07,0.0007002376369200647,
478,4.903330602701317e-07,0.0007002159836702049,
479,4.903027547698002e-07,0.0007001945632509887,
480,4.902726504951715e-07,0.0007001732592470944,
481,4.902427986053226e-07,0.000700152013450861,
482,4.902130854134157e-07,0.0007001309422776103,
483,4.901835677628696e-07,0.0007001100457273424,
484,4.901542354218691e-07,0.0007000892073847353,
485,4.901250622424413e-07,0.0007000685436651111,
486,4.900961880593968e-07,0.0007000479963608086,
487,4.900674059626909e-07,0.0007000276236794889,
488,4.900388455553184e-07,0.000700007367413491,
489,4.900105375327257e-07,0.000699987227562815,
490,4.899822909010254e-07,0.0006999672041274607,
491,4.899542545899749e-07,0.0006999473553150892,
492,4.899264354207844e-07,0.0006999275647103786,
493,4.898987390333786e-07,0.0006999078905209899,
494,4.898711915757304e-07,0.0006998883909545839,
495,4.898438555756002e-07,0.0006998690078034997,
496,4.898167355804617e-07,0.0006998497410677373,
497,4.897897338196344e-07,0.0006998305907472968,
498,4.897629173683526e-07,0.0006998115568421781,
499,4.897362498468283e-07,0.0006997925811447203,
500,4.897097937828221e-07,0.0006997738382779062,
epoch,loss,rmse_train,rmse_val
1,7.510313457714801e-07,0.0008657953003421426,
2,7.4938366196875e-07,0.0008648520451970398,
3,7.477539384126431e-07,0.0008639176958240569,
4,7.461414520548715e-07,0.0008629918447695673,
5,7.445452138199471e-07,0.0008620740845799446,
6,7.429641664202791e-07,0.0008611641824245453,
7,7.413986895699054e-07,0.000860261672642082,
8,7.398472484965168e-07,0.0008593662059865892,
9,7.383098318314296e-07,0.000858477724250406,
10,7.36785418666841e-07,0.0008575957617722452,
11,7.352739453381218e-07,0.0008567197364754975,
12,7.337740908042179e-07,0.000855849648360163,
13,7.322857686631324e-07,0.0008549852063879371,
14,7.308087424462428e-07,0.000854126235935837,
15,7.293423959708889e-07,0.0008532722713425756,
16,7.278858925019449e-07,0.0008524230215698481,
17,7.26439063782891e-07,0.0008515784284099936,
18,7.250013027260139e-07,0.0008507380844093859,
19,7.23572084098123e-07,0.0008499018149450421,
20,7.221512123578578e-07,0.0008490693871863186,
21,7.207383987406502e-07,0.000848240393679589,
22,7.19332608696277e-07,0.0008474148344248533,
23,7.179339763752068e-07,0.0008465924183838069,
24,7.165418287513603e-07,0.0008457728545181453,
25,7.151558929763268e-07,0.0008449562010355294,
26,7.137762190723151e-07,0.0008441417594440281,
27,7.124016292436863e-07,0.0008433299954049289,
28,7.110325009307416e-07,0.0008425200940109789,
29,7.096682315932412e-07,0.0008417123463004827,
30,7.083086757120327e-07,0.000840906344819814,
31,7.069533330650302e-07,0.0008401020313613117,
32,7.056020035633992e-07,0.0008392991730943322,
33,7.042544530122541e-07,0.0008384976536035538,
34,7.029103153399773e-07,0.000837697007227689,
35,7.015690835032728e-07,0.0008368975832127035,
36,7.002308916526089e-07,0.0008360989158973098,
37,6.988954351072607e-07,0.0008353008306585252,
38,6.975619817239931e-07,0.000834503211081028,
39,6.962308179936372e-07,0.0008337062317878008,
40,6.949016415092047e-07,0.0008329093689098954,
41,6.935741566849174e-07,0.0008321127970702946,
42,6.922483476046182e-07,0.0008313162834383547,
43,6.909238550178998e-07,0.0008305195951834321,
44,6.896004242662457e-07,0.0008297227323055267,
45,6.882777756800351e-07,0.0008289257530122995,
46,6.869561525491008e-07,0.000828128308057785,
47,6.85635275203822e-07,0.0008273302810266614,
48,6.843144046797534e-07,0.0008265317883342505,
49,6.829942867625505e-07,0.0008257325971499085,
50,6.816740369686159e-07,0.000824932474642992,
51,6.803535802646365e-07,0.0008241317700594664,
52,6.790333895878576e-07,0.0008233300177380443,
53,6.777129783586134e-07,0.0008225273923017085,
54,6.763922056052251e-07,0.0008217237191274762,
55,6.750711349923222e-07,0.0008209189400076866,
56,6.737494595654425e-07,0.0008201129967346787,
57,6.724271179336939e-07,0.0008193058893084526,
58,6.711041669404949e-07,0.0008184975595213473,
59,6.697804451505362e-07,0.0008176877163350582,
60,6.68455534196255e-07,0.00081687665078789,
61,6.67130213969358e-07,0.000816064071841538,
62,6.658037341367162e-07,0.0008152500377036631,
63,6.64476008296333e-07,0.0008144347229972482,
64,6.63147484374349e-07,0.0008136177784763277,
65,6.618176212214167e-07,0.0008127993787638843,
66,6.604867644455225e-07,0.0008119794074445963,
67,6.591548344658804e-07,0.0008111578063108027,
68,6.578215015906608e-07,0.0008103347499854863,
69,6.564872057879257e-07,0.0008095102966763079,
70,6.551521494202461e-07,0.0008086840971373022,
71,6.538153138535563e-07,0.0008078563259914517,
72,6.524775290017715e-07,0.0008070268086157739,
73,6.511383412544092e-07,0.0008061959524638951,
74,6.497981905795314e-07,0.0008053636411204934,
75,6.484570849352167e-07,0.0008045295253396034,
76,6.471148014952633e-07,0.0008036940125748515,
77,6.457713982399582e-07,0.0008028569864109159,
78,6.444270798056095e-07,0.0008020185632631183,
79,6.430819064462411e-07,0.0008011788595467806,
80,6.417359543320345e-07,0.0008003375260159373,
81,6.403890949968627e-07,0.0007994948537088931,
82,6.390414318957482e-07,0.0007986510754562914,
83,6.37693470935119e-07,0.000797805842012167,
84,6.363444026646902e-07,0.0007969595608301461,
85,6.349952161599504e-07,0.000796112057287246,
86,6.336456067401741e-07,0.0007952633313834667,
87,6.322955618998094e-07,0.000794413557741791,
88,6.309452578534546e-07,0.0007935630274005234,
89,6.295952300661156e-07,0.0007927116239443421,
90,6.282453057337989e-07,0.0007918594055809081,
91,6.268954427923745e-07,0.0007910063141025603,
92,6.255457014958665e-07,0.0007901525241322815,
93,6.241965456865728e-07,0.0007892983849160373,
94,6.228480674508319e-07,0.0007884437800385058,
95,6.215004771092935e-07,0.000787588709499687,
96,6.201535484251508e-07,0.0007867331732995808,
97,6.188075133195525e-07,0.0007858777535147965,
98,6.174630243549473e-07,0.0007850222173146904,
99,6.161198120935296e-07,0.0007841666229069233,
100,6.147780561605032e-07,0.0007833111449144781,
101,6.134381771971675e-07,0.0007824560743756592,
102,6.121001649717073e-07,0.0007816013530828059,
103,6.107643957875553e-07,0.0007807471556589007,
104,6.094307968851354e-07,0.0007798936567269266,
105,6.08099794590089e-07,0.0007790408562868834,
106,6.067713457014179e-07,0.0007781888707540929,
107,6.054458174276079e-07,0.0007773381075821817,
108,6.041234189524403e-07,0.000776488333940506,
109,6.02804207119334e-07,0.000775640073698014,
110,6.014889265770762e-07,0.000774793210439384,
111,6.001769668273482e-07,0.0007739478605799377,
112,5.988690713820687e-07,0.0007731043151579797,
113,5.975652459255798e-07,0.0007722625741735101,
114,5.962658826774714e-07,0.0007714230450801551,
115,5.949712681285746e-07,0.0007705858442932367,
116,5.936815352924895e-07,0.0007697505643591285,
117,5.923964761223033e-07,0.000768918136600405,
118,5.911170308081637e-07,0.0007680883281864226,
119,5.898430993056535e-07,0.000767261313740164,
120,5.885747134470875e-07,0.0007664372096769512,
121,5.873124928257312e-07,0.0007656164234504104,
122,5.860564704107674e-07,0.0007647988386452198,
123,5.848069031344494e-07,0.000763984804507345,
124,5.835639069573517e-07,0.0007631744374521077,
125,5.823280980621348e-07,0.0007623677956871688,
126,5.810991899579676e-07,0.0007615651120431721,
127,5.798776089704915e-07,0.0007607666193507612,
128,5.786637620985858e-07,0.0007599723758175969,
129,5.77457718691221e-07,0.0007591824978590012,
130,5.762595867508935e-07,0.0007583972183056176,
131,5.750696641371178e-07,0.0007576167699880898,
132,5.738882941841439e-07,0.0007568411529064178,
133,5.727155985368881e-07,0.0007560707745142281,
134,5.715519034765748e-07,0.0007553055183961987,
135,5.703971010007081e-07,0.0007545456173829734,
136,5.692517675015552e-07,0.0007537914207205176,
137,5.681160894255299e-07,0.0007530427537858486,
138,5.669900326665811e-07,0.00075229984940961,
139,5.658735994984454e-07,0.0007515630568377674,
140,5.647675425279885e-07,0.0007508322596549988,
141,5.636715434320649e-07,0.0007501076906919479,
142,5.625861092539708e-07,0.0007493895827792585,
143,5.615114969259594e-07,0.0007486780523322523,
144,5.60447457473856e-07,0.0007479730993509293,
145,5.593944320025912e-07,0.000747275014873594,
146,5.583526740338129e-07,0.0007465836242772639,
147,5.573218413701397e-07,0.0007458992186002433,
148,5.563024694765772e-07,0.0007452221470884979,
149,5.552949721732148e-07,0.000744552118703723,
150,5.54298848101098e-07,0.000743889540899545,
151,5.53314646367653e-07,0.0007432342390529811,
152,5.523422396436217e-07,0.0007425864459946752,
153,5.513818541658111e-07,0.0007419462199322879,
154,5.504335172190622e-07,0.0007413137354888022,
155,5.494973447639495e-07,0.000740688992664218,
156,5.485736267019093e-07,0.0007400719332508743,
157,5.47662066310295e-07,0.0007394630811177194,
158,5.467632172440062e-07,0.000738862028811127,
159,5.458767975596856e-07,0.0007382690091617405,
160,5.450028356790426e-07,0.0007376840221695602,
161,5.441414032247849e-07,0.0007371071842499077,
162,5.432926263893024e-07,0.0007365383789874613,
163,5.424563653377846e-07,0.0007359777227975428,
164,5.416329099716677e-07,0.0007354254485107958,
165,5.408221863945073e-07,0.000734881148673594,
166,5.400239399477868e-07,0.0007343452307395637,
167,5.392384366587067e-07,0.0007338175782933831,
168,5.384655867146648e-07,0.0007332981331273913,
169,5.377054867494735e-07,0.0007327869534492493,
170,5.369578400404862e-07,0.0007322840392589569,
171,5.362229444472178e-07,0.0007317893905565143,
172,5.355005089313636e-07,0.0007313029491342604,
173,5.347906198949204e-07,0.0007308247149921954,
174,5.340931159025786e-07,0.0007303546299226582,
175,5.334077957286354e-07,0.0007298925193026662,
176,5.327348719674774e-07,0.0007294386741705239,
177,5.320741763625847e-07,0.0007289928034879267,
178,5.314255440680426e-07,0.0007285550236701965,
179,5.307889784944564e-07,0.0007281251018866897,
180,5.301643693655933e-07,0.000727703096345067,
181,5.29551498402725e-07,0.000727288774214685,
182,5.289501427796495e-07,0.0007268823101185262,
183,5.283605435124628e-07,0.0007264834130182862,
184,5.277824618588056e-07,0.0007260921993292868,
185,5.272153555324621e-07,0.0007257085526362062,
186,5.266597884201474e-07,0.0007253323565237224,
187,5.261151579816215e-07,0.0007249633781611919,
188,5.25581291412891e-07,0.0007246016175486147,
189,5.250581386917475e-07,0.0007242470746859908,
190,5.245456384272985e-07,0.0007238995749503374,
191,5.240437644715712e-07,0.0007235590601339936,
192,5.235519745383499e-07,0.0007232253556139767,
193,5.230702493008721e-07,0.0007228985778056085,
194,5.225987388257636e-07,0.0007225783192552626,
195,5.221368371621793e-07,0.0007222646381705999,
196,5.216845920585911e-07,0.0007219573599286377,
197,5.212417295297201e-07,0.0007216564263217151,
198,5.208082450280926e-07,0.0007213616627268493,
199,5.203837088174623e-07,0.0007210730691440403,
200,5.199682095735625e-07,0.0007207903545349836,
201,5.195615040065605e-07,0.0007205135188996792,
202,5.191632465084695e-07,0.0007202424458228052,
203,5.187733802358707e-07,0.0007199769024737179,
204,5.183916971418512e-07,0.0007197169470600784,
205,5.180181210562296e-07,0.0007194624049589038,
206,5.176523461614125e-07,0.0007192131597548723,
207,5.172943326670066e-07,0.0007189689786173403,
208,5.169436542473704e-07,0.0007187298615463078,
209,5.16600385935817e-07,0.0007184956921264529,
210,5.16264354928353e-07,0.0007182663539424539,
211,5.159353395356448e-07,0.0007180417305789888,
212,5.156130475825194e-07,0.000717821647413075,
213,5.152973244548775e-07,0.0007176059298217297,
214,5.149881405941414e-07,0.0007173946360126138,
215,5.146852231519005e-07,0.0007171876495704055,
216,5.143886221503635e-07,0.0007169847376644611,
217,5.140979396855982e-07,0.0007167858420871198,
218,5.138130836712662e-07,0.0007165909628383815,
219,5.135338358286389e-07,0.0007163998088799417,
220,5.132600563229062e-07,0.0007162123220041394,
221,5.129917030899378e-07,0.0007160285604186356,
222,5.127286169681611e-07,0.0007158482330851257,
223,5.124705376147176e-07,0.0007156713982112706,
224,5.122174707139492e-07,0.0007154978229664266,
225,5.119691320487619e-07,0.0007153275073505938,
226,5.11725500018656e-07,0.0007151603349484503,
227,5.114863154176419e-07,0.0007149961893446743,
228,5.112515373184579e-07,0.000714834954123944,
229,5.110210508973978e-07,0.0007146766874939203,
230,5.107947481519659e-07,0.0007145211566239595,
231,5.105723744236456e-07,0.0007143683615140617,
232,5.103540502204851e-07,0.000714218127541244,
233,5.101394060602615e-07,0.0007140706293284893,
234,5.099285249343666e-07,0.000713925517629832,
235,5.097212147120444e-07,0.0007137826760299504,
236,5.095171547964128e-07,0.0007136422791518271,
237,5.093165884773043e-07,0.0007135040941648185,
238,5.091193395401206e-07,0.0007133682956919074,
239,5.089252931611554e-07,0.0007132344762794673,
240,5.087343299692293e-07,0.0007131026941351593,
241,5.085460873033299e-07,0.0007129729492589831,
242,5.083608198219735e-07,0.0007128451834432781,
243,5.081785104721348e-07,0.0007127192802727222,
244,5.079988272882475e-07,0.0007125952397473156,
245,5.078218543985713e-07,0.0007124730036593974,
246,5.076473269127746e-07,0.0007123523391783237,
247,5.074752016298589e-07,0.0007122334791347384,
248,5.07305588826057e-07,0.0007121162489056587,
249,5.071383679933205e-07,0.0007120005902834237,
250,5.069734254448122e-07,0.0007118863868527114,
251,5.068105122063571e-07,0.0007117737550288439,
252,5.066499022632342e-07,0.0007116625783964992,
253,5.064914091690298e-07,0.0007115527405403554,
254,5.063348623934871e-07,0.0007114442996680737,
255,5.061802653472114e-07,0.0007113372557796538,
256,5.060276396307018e-07,0.000711231492459774,
257,5.058768761045939e-07,0.0007111270097084343,
258,5.057279531683889e-07,0.0007110237493179739,
259,5.055807616827224e-07,0.0007109216530807316,
260,5.054353027844627e-07,0.0007108206045813859,
261,5.052914707448508e-07,0.0007107208366505802,
262,5.051493292285159e-07,0.0007106221746653318,
263,5.050086281244148e-07,0.000710524502210319,
264,5.048696414178267e-07,0.0007104279357008636,
265,5.047320803441835e-07,0.0007103323587216437,
266,5.045960574534547e-07,0.0007102378876879811,
267,5.044614226790145e-07,0.0007101442315615714,
268,5.043281805683364e-07,0.0007100515649653971,
269,5.041962583618443e-07,0.0007099598878994584,
270,5.040657595145603e-07,0.0007098690839484334,
271,5.039365180437017e-07,0.000709779211319983,
272,5.038086169406597e-07,0.0007096901535987854,
273,5.036818743064941e-07,0.0007096019107848406,
274,5.03556414059858e-07,0.0007095145410858095,
275,5.034321168295719e-07,0.0007094279280863702,
276,5.033089462358475e-07,0.0007093422464095056,
277,5.031870375660219e-07,0.000709257205016911,
278,5.030660997817904e-07,0.0007091729203239083,
279,5.029462977290677e-07,0.0007090895087458193,
280,5.028275597851462e-07,0.0007090066210366786,
281,5.02709905276788e-07,0.0007089246646501124,
282,5.025933194247045e-07,0.0007088432321324944,
283,5.02477682857716e-07,0.0007087626145221293,
284,5.023630831146875e-07,0.0007086826371960342,
285,5.022494065087812e-07,0.0007086033001542091,
286,5.021366575874708e-07,0.0007085246033966541,
287,5.020249398057786e-07,0.000708446663338691,
288,5.019141337925248e-07,0.0007083692471496761,
289,5.018041667881334e-07,0.0007082924712449312,
290,5.01695172943073e-07,0.0007082163356244564,
291,5.015870442548475e-07,0.0007081407238729298,
292,5.014797386593272e-07,0.0007080657524056733,
293,5.013733118630626e-07,0.0007079913048073649,
294,5.012676831483986e-07,0.0007079174974933267,
295,5.011629127693595e-07,0.0007078442722558975,
296,5.010589450193947e-07,0.0007077716290950775,
297,5.009558549318171e-07,0.0007076995098032057,
298,5.008535049455531e-07,0.0007076278561726213,
299,5.007519246191805e-07,0.0007075568428263068,
300,5.006511662486446e-07,0.0007074863533489406,
301,5.005511309263965e-07,0.0007074163295328617,
302,5.004518084206211e-07,0.000707346829585731,
303,5.003533271974448e-07,0.0007072778535075486,
304,5.002554087241152e-07,0.0007072093430906534,
305,5.001583474495419e-07,0.0007071413565427065,
306,5.000620035389148e-07,0.0007070738938637078,
307,4.999663156013412e-07,0.0007070068386383355,
308,4.99871364354476e-07,0.0007069403654895723,
309,4.997770838599535e-07,0.0007068742997944355,
310,4.996835195925086e-07,0.000706808699760586,
311,4.995904816951224e-07,0.0007067435071803629,
312,4.994982271000481e-07,0.0007066787802614272,
313,4.994066011931864e-07,0.0007066146936267614,
314,4.993157074295596e-07,0.0007065508980304003,
315,4.992254514490923e-07,0.0007064875680953264,
316,4.991358184724959e-07,0.0007064247620292008,
317,4.990467732568504e-07,0.0007063623052090406,
318,4.989583965198107e-07,0.0007063003140501678,
319,4.988706530184572e-07,0.0007062386721372604,
320,4.98783392686164e-07,0.0007061774958856404,
321,4.986968474440801e-07,0.0007061167270876467,
322,4.986107592230837e-07,0.0007060563657432795,
323,4.985254531675309e-07,0.0007059965282678604,
324,4.984407189567719e-07,0.0007059370400384068,
325,4.983565747807006e-07,0.0007058779592625797,
326,4.982729342373205e-07,0.0007058192859403789,
327,4.981899974154657e-07,0.0007057609618641436,
328,4.981075801424595e-07,0.0007057031034491956,
329,4.980256653652759e-07,0.0007056455942802131,
330,4.979443622232793e-07,0.0007055884343571961,
331,4.978635558927636e-07,0.0007055317400954664,
332,4.977833566499612e-07,0.0007054752786643803,
333,4.977037053777167e-07,0.0007054193993099034,
334,4.976245986654248e-07,0.0007053637527860701,
335,4.975459683009831e-07,0.0007053085137158632,
336,4.974679279712291e-07,0.0007052536238916218,
337,4.973904106009286e-07,0.0007051991415210068,
338,4.973133547991893e-07,0.0007051450083963573,
339,4.972369299593993e-07,0.0007050913409329951,
340,4.971610337634047e-07,0.0007050379063002765,
341,4.970855979991029e-07,0.0007049849373288453,
342,4.970107568169623e-07,0.0007049322593957186,
343,4.96936391982672e-07,0.0007048799889162183,
344,4.96862456884628e-07,0.0007048279512673616,
345,4.96789069757142e-07,0.0007047762628644705,
346,4.967161328295333e-07,0.0007047249819152057,
347,4.966436927134055e-07,0.0007046739920042455,
348,4.965717391769431e-07,0.0007046233513392508,
349,4.965002244716743e-07,0.0007045731181278825,
350,4.964292588738318e-07,0.0007045231177471578,
351,4.963587377915246e-07,0.0007044734666123986,
352,4.962887487636181e-07,0.0007044242229312658,
353,4.962191997037735e-07,0.0007043752120807767,
354,4.961500951594644e-07,0.000704326550476253,
355,4.960813521392992e-07,0.0007042782381176949,
356,4.960132298492681e-07,0.0007042302167974412,
357,4.959454997788271e-07,0.0007041825447231531,
358,4.958782767516823e-07,0.0007041351054795086,
359,4.958113629527361e-07,0.0007040880736894906,
360,4.957450232723204e-07,0.000704041332937777,
361,4.956790553478641e-07,0.0007039948832243681,
362,4.956135740030731e-07,0.0007039487245492637,
363,4.955485155733186e-07,0.0007039029151201248,
364,4.954838857429422e-07,0.0007038573385216296,
365,4.954196901962859e-07,0.0007038121111690998,
366,4.953559334808233e-07,0.0007037671166472137,
367,4.9529259058545e-07,0.000703722529578954,
368,4.952297479121625e-07,0.0007036782335489988,
369,4.951672565312037e-07,0.0007036341703496873,
370,4.951051369062043e-07,0.0007035903399810195,
371,4.950435391037899e-07,0.000703546917065978,
372,4.949822664457315e-07,0.0007035037269815803,
373,4.949213757754478e-07,0.0007034607697278261,
374,4.948609137045423e-07,0.0007034182199276984,
375,4.948009575400647e-07,0.0007033759029582143,
376,4.947412742239976e-07,0.0007033338188193738,
377,4.946821081830421e-07,0.000703292025718838,
378,4.94623277518258e-07,0.0007032505236566067,
379,4.945647503973305e-07,0.000703209254425019,
380,4.945066518757812e-07,0.0007031682762317359,
381,4.944489614899794e-07,0.0007031275308690965,
382,4.943917201671865e-07,0.0007030871347524226,
383,4.943347516928043e-07,0.0007030469714663923,
384,4.942782220496155e-07,0.0007030070410110056,
385,4.942220175507827e-07,0.0007029674015939236,
386,4.941661643442785e-07,0.0007029280532151461,
387,4.941107181366533e-07,0.0007028888794593513,
388,4.940556641486182e-07,0.000702850054949522,
389,4.940010126119887e-07,0.0007028114050626755,
390,4.939466703035578e-07,0.0007027730462141335,
391,4.938927099829015e-07,0.0007027349784038961,
392,4.938391111863893e-07,0.0007026970852166414,
393,4.937858318498911e-07,0.0007026594830676913,
394,4.937329333642992e-07,0.0007026221137493849,
395,4.93680329327617e-07,0.000702585035469383,
396,4.936281584377866e-07,0.0007025481318123639,
397,4.935763126923121e-07,0.0007025115191936493,
398,4.935248387027968e-07,0.0007024751394055784,
399,4.934736477935076e-07,0.0007024389924481511,
400,4.934228638830973e-07,0.0007024030783213675,
401,4.933723073463625e-07,0.0007023673970252275,
402,4.933221782721375e-07,0.0007023320067673922,
403,4.932723174988496e-07,0.0007022967329248786,
404,4.932228227971791e-07,0.0007022617501206696,
405,4.931736521029962e-07,0.0007022270583547652,
406,4.931248690809298e-07,0.0007021924830041826,
407,4.930762759158824e-07,0.0007021581986919045,
408,4.930280806547671e-07,0.0007021241472102702,
409,4.929801320940896e-07,0.0007020902703516185,
410,4.929326064484484e-07,0.0007020566263236105,
411,4.928853070396144e-07,0.0007020232733339071,
412,4.928383691549243e-07,0.0007019900949671865,
413,4.927917916575098e-07,0.0007019570330157876,
414,4.927453994696407e-07,0.0007019243785180151,
415,4.92699373353389e-07,0.0007018917822279036,
416,4.926537133087549e-07,0.0007018594769760966,
417,4.926083113332425e-07,0.0007018273463472724,
418,4.925631299101952e-07,0.0007017954485490918,
419,4.925183043269499e-07,0.000701763725373894,
420,4.924737879719032e-07,0.0007017322932370007,
421,4.924295546970825e-07,0.0007017009193077683,
422,4.923855897231988e-07,0.0007016698364168406,
423,4.923419237456983e-07,0.0007016389863565564,
424,4.922985669963964e-07,0.000701608310919255,
425,4.922555501707393e-07,0.0007015778683125973,
426,4.922127186546277e-07,0.0007015474839136004,
427,4.921702168303454e-07,0.0007015173905529082,
428,4.921279412428703e-07,0.0007014875882305205,
429,4.920860169477237e-07,0.0007014579023234546,
430,4.920443029732269e-07,0.0007014283910393715,
431,4.920029039112705e-07,0.0007013990543782711,
432,4.919617822451982e-07,0.0007013700087554753,
433,4.919209391118784e-07,0.0007013410795480013,
434,4.918803017517348e-07,0.000701312383171171,
435,4.918400566111813e-07,0.0007012838032096624,
436,4.917999387998861e-07,0.0007012554560787976,
437,4.917602086607076e-07,0.0007012272835709155,
438,4.917205342280794e-07,0.0007011992274783552,
439,4.916813395539066e-07,0.0007011714624240994,
440,4.91642293809491e-07,0.0007011437555775046,
441,4.916035004498554e-07,0.0007011163397692144,
442,4.915649640224729e-07,0.000701089040376246,
443,4.915266492844239e-07,0.0007010619156062603,
444,4.914886176266009e-07,0.0007010350236669183,
445,4.914508281217423e-07,0.0007010081899352372,
446,4.914133273814514e-07,0.0007009817054495215,
447,4.913760267299949e-07,0.0007009552791714668,
448,4.913389784633182e-07,0.0007009290275163949,
449,4.913021780339477e-07,0.0007009029504843056,
450,4.912656754640921e-07,0.0007008770480751991,
451,4.91229343424493e-07,0.0007008513784967363,
452,4.911932785489625e-07,0.0007008258253335953,
453,4.911574148991348e-07,0.000700800446793437,
454,4.911218138659024e-07,0.0007007751264609396,
455,4.910864129215042e-07,0.0007007500971667469,
456,4.91051243898255e-07,0.0007007251842878759,
457,4.910163897875463e-07,0.0007007004460319877,
458,4.909816686904378e-07,0.0007006758241914213,
459,4.909471692826628e-07,0.0007006514351814985,
460,4.909129165753256e-07,0.0007006271625868976,
461,4.908789264845837e-07,0.0007006030646152794,
462,4.908451114715717e-07,0.0007005790830589831,
463,4.908115181478933e-07,0.0007005552761256695,
464,4.907781305973913e-07,0.0007005317020229995,
465,4.907450784230605e-07,0.0007005082443356514,
466,4.907121274300152e-07,0.0007004848448559642,
467,4.906794140424608e-07,0.0007004616199992597,
468,4.906468291210331e-07,0.000700438569765538,
469,4.906146671146416e-07,0.0007004156359471381,
470,4.905824573597783e-07,0.0007003929349593818,
471,4.905506398245052e-07,0.0007003702921792865,
472,4.905189143755706e-07,0.0007003478822298348,
473,4.904874879230193e-07,0.000700325530488044,
474,4.904562410956714e-07,0.0007003034115768969,
475,4.904251591142384e-07,0.0007002813508734107,
476,4.9039419991459e-07,0.0007002594065852463,
477,4.903635556274821e-07,0.0007002376369200647,
478,4.903330602701317e-07,0.0007002159836702049,
479,4.903027547698002e-07,0.0007001945632509887,
480,4.902726504951715e-07,0.0007001732592470944,
481,4.902427986053226e-07,0.000700152013450861,
482,4.902130854134157e-07,0.0007001309422776103,
483,4.901835677628696e-07,0.0007001100457273424,
484,4.901542354218691e-07,0.0007000892073847353,
485,4.901250622424413e-07,0.0007000685436651111,
486,4.900961880593968e-07,0.0007000479963608086,
487,4.900674059626909e-07,0.0007000276236794889,
488,4.900388455553184e-07,0.000700007367413491,
489,4.900105375327257e-07,0.000699987227562815,
490,4.899822909010254e-07,0.0006999672041274607,
491,4.899542545899749e-07,0.0006999473553150892,
492,4.899264354207844e-07,0.0006999275647103786,
493,4.898987390333786e-07,0.0006999078905209899,
494,4.898711915757304e-07,0.0006998883909545839,
495,4.898438555756002e-07,0.0006998690078034997,
496,4.898167355804617e-07,0.0006998497410677373,
497,4.897897338196344e-07,0.0006998305907472968,
498,4.897629173683526e-07,0.0006998115568421781,
499,4.897362498468283e-07,0.0006997925811447203,
500,4.897097937828221e-07,0.0006997738382779062,
epoch,loss,rmse_train,rmse_val
1,1.4773581506233314e-06,0.001203468069434166,0.0021625999361276627
2,1.444354029445094e-06,0.0011907407315447927,0.0021506240591406822
3,1.4143123007670511e-06,0.0011789125856012106,0.002140518045052886
4,1.3866304243492777e-06,0.001167797134257853,0.002132042311131954
5,1.3608239032691927e-06,0.0011572422226890922,0.0021250112913548946
6,1.3365126096687163e-06,0.0011471279431134462,0.0021192438434809446
7,1.3133893025951693e-06,0.001137352897785604,0.002114563947543502
8,1.2912094325656653e-06,0.0011278413003310561,0.0021108028013259172
9,1.2697881857093307e-06,0.0011185326147824526,0.002107804175466299
10,1.248979606316425e-06,0.0011093795765191317,0.0021054407116025686
11,1.228672444995027e-06,0.0011003462132066488,0.002103610662743449
12,1.2087830509699416e-06,0.0010914038866758347,0.002102241851389408
13,1.1892446718775318e-06,0.0010825301287695765,0.0021012553479522467
14,1.1700068580466905e-06,0.0010737074771896005,0.002100582467392087
15,1.1510293597893906e-06,0.0010649228934198618,0.002100168727338314
16,1.1322835462124204e-06,0.0010561652015894651,0.0020999715197831392
17,1.1137456613141694e-06,0.0010474268347024918,0.002099958248436451
18,1.0953988521578139e-06,0.001038702204823494,0.002100101439282298
19,1.077230804185092e-06,0.0010299870045855641,0.0021003775764256716
20,1.0592332228043234e-06,0.0010212785564363003,0.0021007650066167116
21,1.041400273606996e-06,0.0010125755798071623,0.0021012471988797188
22,1.023730274027912e-06,0.0010038783075287938,0.0021018050611019135
23,1.006222269097634e-06,0.0009951872052624822,0.0021024253219366074
24,9.888779277389404e-07,0.0009865042520686984,0.0021030937787145376
25,9.717010561871576e-07,0.0009778310777619481,0.0021038013510406017
26,9.546945102556493e-07,0.0009691722225397825,0.0021045415196567774
27,9.37865497689927e-07,0.0009605307132005692,0.002105307299643755
28,9.21221562748542e-07,0.0009519117884337902,0.002106093568727374
29,9.047702360476251e-07,0.0009433207451365888,0.002106894738972187
30,8.885208308129222e-07,0.0009347634040750563,0.0021077068522572517
31,8.72483481089148e-07,0.0009262470994144678,0.0021085264161229134
32,8.566689007238892e-07,0.0009177775937132537,0.0021093490067869425
33,8.410866053054633e-07,0.0009093628614209592,0.00211017276160419
34,8.257489048446586e-07,0.0009010115754790604,0.0021109951194375753
35,8.106668565233122e-07,0.0008927310700528324,0.002111816080287099
36,7.958529522511526e-07,0.0008845297270454466,0.0021126344799995422
37,7.813165007064527e-07,0.0008764174417592585,0.0021134489215910435
38,7.670714558116742e-07,0.0008684020140208304,0.0021142594050616026
39,7.531275264227588e-07,0.0008604928152635694,0.0021150654647499323
40,7.394954604933446e-07,0.0008526982855983078,0.002115866169333458
41,7.261855830620334e-07,0.0008450282039120793,0.002116661984473467
42,7.132069436011079e-07,0.0008374897297471762,0.00211745360866189
43,7.005677366578312e-07,0.0008300917688757181,0.002118239877745509
44,6.882750653858238e-07,0.0008228416554629803,0.00211902242153883
45,6.763357282579819e-07,0.0008157464908435941,0.002119801240041852
46,6.647548821092642e-07,0.000808811979368329,0.0021205770317465067
47,6.535336751767318e-07,0.000802044989541173,0.002121351193636656
48,6.426771074075077e-07,0.0007954502361826599,0.0021221237257122993
49,6.321859109448269e-07,0.0007890315027907491,0.002122897421941161
50,6.22058532826486e-07,0.0007827920489944518,0.0021236715838313103
51,6.122939453234721e-07,0.0007767344359308481,0.0021244485396891832
52,6.028890334164316e-07,0.0007708600023761392,0.0021252285223454237
53,5.93838913118816e-07,0.0007651697378605604,0.0021260143257677555
54,5.851384912602952e-07,0.0007596628274768591,0.002126805717125535
55,5.767799825662223e-07,0.0007543381652794778,0.002127605490386486
56,5.687558905265177e-07,0.0007491940632462502,0.0021284145768731833
57,5.610574294223625e-07,0.0007442262140102684,0.002129234140738845
58,5.536732373911945e-07,0.0007394325220957398,0.0021300672087818384
59,5.465942535920476e-07,0.0007348072831518948,0.002130913781002164
60,5.398070084083884e-07,0.0007303461898118258,0.002131776185706258
61,5.333010949470918e-07,0.000726043654140085,0.002132656052708626
62,5.270635574561311e-07,0.0007218940299935639,0.002133555943146348
63,5.210817130318901e-07,0.000717890216037631,0.0021344751585274935
64,5.153426832293917e-07,0.0007140274392440915,0.002135415794327855
65,5.098355541122146e-07,0.0007102984236553311,0.0021363794803619385
66,5.045460125074897e-07,0.000706697057466954,0.0021373676136136055
67,4.994642040401231e-07,0.0007032167632132769,0.002138379029929638
68,4.945764135300123e-07,0.0006998516037128866,0.0021394153591245413
69,4.898736665381875e-07,0.0006965961656533182,0.002140477765351534
70,4.853446262131911e-07,0.0006934442208148539,0.0021415669471025467
71,4.809798156202305e-07,0.0006903906469233334,0.0021426824387162924
72,4.767689983964374e-07,0.0006874307291582227,0.0021438240073621273
73,4.727046120933665e-07,0.0006845594616606832,0.002144991420209408
74,4.6877899194441853e-07,0.0006817718385718763,0.002146184677258134
75,4.6498266328853785e-07,0.0006790647748857737,0.002147402847185731
76,4.61310612536181e-07,0.0006764338468201458,0.0021486447658389807
77,4.5775510216117254e-07,0.0006738752708770335,0.002149909269064665
78,4.543105592347274e-07,0.0006713861948810518,0.002151194494217634
79,4.5097139491190317e-07,0.0006689633009955287,0.0021524992771446705
80,4.477327547647292e-07,0.0006666034460067749,0.0021538224536925554
81,4.445892045623623e-07,0.0006643044762313366,0.002155161462724209
82,4.415371836330451e-07,0.0006620631902478635,0.002156515372917056
83,4.385719830679591e-07,0.0006598779000341892,0.0021578832529485226
84,4.356899239610357e-07,0.0006577458698302507,0.002159263240173459
85,4.328870068093238e-07,0.000655665120575577,0.0021606541704386473
86,4.301599506106868e-07,0.0006536336150020361,0.002162056276574731
87,4.275053652236238e-07,0.0006516489083878696,0.0021634683944284916
88,4.2491988097026476e-07,0.0006497095455415547,0.002164889592677355
89,4.224003896524664e-07,0.000647813780233264,0.002166319638490677
90,4.199448630970437e-07,0.000645959924440831,0.0021677562035620213
91,4.175501385361713e-07,0.000644146406557411,0.0021692009177058935
92,4.152132100898598e-07,0.000642370549030602,0.002170650754123926
93,4.129322678636527e-07,0.0006406324682757258,0.0021721061784774065
94,4.1070462202696945e-07,0.000638929195702076,0.0021735664922744036
95,4.085275440957048e-07,0.000637260265648365,0.0021750309970229864
96,4.064001564074715e-07,0.0006356232916004956,0.0021764992270618677
97,4.0431826619169443e-07,0.0006340179243125021,0.002177970251068473
98,4.022814391646534e-07,0.0006324421265162528,0.0021794443018734455
99,4.0028691500992863e-07,0.00063089479226619,0.0021809195168316364
100,3.983330907431082e-07,0.0006293746409937739,0.0021823965944349766
101,3.9641843613935634e-07,0.0006278810906223953,0.0021838746033608913
102,3.9454076841138883e-07,0.0006264116964302957,0.0021853530779480934
103,3.926984527424793e-07,0.0006249659927561879,0.002186831785365939
104,3.9088947232812645e-07,0.0006235436303541064,0.002188310259953141
105,3.8911362707949594e-07,0.0006221428629942238,0.0021897885017096996
106,3.873685750477307e-07,0.0006207625265233219,0.002191265346482396
107,3.8565264503631625e-07,0.0006194019224494696,0.002192741259932518
108,3.839646933556651e-07,0.0006180599448271096,0.0021942162420600653
109,3.823033171101997e-07,0.0006167365936562419,0.0021956893615424633
110,3.806685003837629e-07,0.00061542954063043,0.002197159454226494
111,3.79057257759996e-07,0.0006141398916952312,0.002198627917096019
112,3.774704759962333e-07,0.0006128656095825136,0.002200092887505889
113,3.7590566762446545e-07,0.0006116058211773634,0.0022015555296093225
114,3.743628417396394e-07,0.0006103605264797807,0.002203014213591814
115,3.7283968367773924e-07,0.0006091289687901735,0.0022044694051146507
116,3.71336886928475e-07,0.0006079106242395937,0.0022059199400246143
117,3.6985297356295634e-07,0.0006067050853744149,0.0022073660511523485
118,3.683868771986454e-07,0.0006055113044567406,0.002208807272836566
119,3.669389502647391e-07,0.0006043293979018927,0.0022102431394159794
120,3.6550769436871635e-07,0.0006031579687260091,0.0022116738837212324
121,3.6409176118468167e-07,0.0006019974825903773,0.002213098807260394
122,3.62691744157928e-07,0.0006008476484566927,0.002214516745880246
123,3.6130761145614086e-07,0.0005997074185870588,0.0022159283980727196
124,3.5993751225760205e-07,0.000598576501943171,0.002217333298176527
125,3.585813010431593e-07,0.0005974553059786558,0.0022187302820384502
126,3.57238918695657e-07,0.0005963427247479558,0.00222012004815042
127,3.5590943525676266e-07,0.0005952389328740537,0.002221501199528575
128,3.545929939718917e-07,0.000594142999034375,0.002222874201834202
129,3.532885807544517e-07,0.0005930556799285114,0.002224238822236657
130,3.5199674812247396e-07,0.0005919755785726011,0.0022255938965827227
131,3.5071597949354326e-07,0.0005909038009122014,0.0022269387263804674
132,3.4944690469274064e-07,0.0005898388917557895,0.0022282744757831097
133,3.4818858694052326e-07,0.0005887816078029573,0.0022295992821455
134,3.469414923529257e-07,0.0005877309013158083,0.0022309140767902136
135,3.4570427942526294e-07,0.000586687121540308,0.0022322169970721006
136,3.44478012266336e-07,0.0005856499192304909,0.002233508974313736
137,3.432616131249233e-07,0.0005846192943863571,0.0022347895428538322
138,3.4205468637082957e-07,0.0005835954216308892,0.0022360580042004585
139,3.408574889363081e-07,0.0005825771950185299,0.002237313659861684
140,3.3966993214562533e-07,0.0005815650802105665,0.002238556742668152
141,3.3849131568786107e-07,0.0005805594846606255,0.002239787019789219
142,3.373219738023181e-07,0.0005795595934614539,0.0022410035599023104
143,3.3616133805480785e-07,0.0005785654066130519,0.0022422068286687136
144,3.3500962672405875e-07,0.0005775769823230803,0.002243396360427141
145,3.338666260788159e-07,0.0005765937967225909,0.0022445714566856623
146,3.327318040646787e-07,0.0005756158498115838,0.0022457323502749205
147,3.316044785606209e-07,0.0005746436072513461,0.0022468785755336285
148,3.3048588420570014e-07,0.0005736763123422861,0.0022480098996311426
149,3.2937506375674277e-07,0.0005727142561227083,0.0022491265553981066
150,3.2827211271069246e-07,0.0005717575550079346,0.0022502276115119457
151,3.27177265262435e-07,0.000570805452298373,0.0022513135336339474
152,3.2608911624265604e-07,0.00056985835544765,0.0022523831576108932
153,3.2500880934094314e-07,0.0005689161480404437,0.002253437414765358
154,3.239356942685845e-07,0.000567978189792484,0.0022544758394360542
155,3.22869836963946e-07,0.0005670455284416676,0.0022554979659616947
156,3.218115443814895e-07,0.0005661172326654196,0.002256504027172923
157,3.2075949775389744e-07,0.0005651934770867229,0.002257493557408452
158,3.197144246769312e-07,0.0005642739706672728,0.0022584665566682816
159,3.186764115525875e-07,0.0005633591208606958,0.0022594232577830553
160,3.176445375174808e-07,0.0005624483455903828,0.0022603634279221296
161,3.1661952789363566e-07,0.0005615418776869774,0.0022612866014242172
162,3.156009893245937e-07,0.0005606394843198359,0.002262192778289318
163,3.1458874445888794e-07,0.000559741398319602,0.002263082657009363
164,3.13582677335944e-07,0.0005588472122326493,0.002263955306261778
165,3.1258281069312943e-07,0.0005579567514359951,0.002264811424538493
166,3.115889080618217e-07,0.0005570703069679439,0.0022656500805169344
167,3.10600635202718e-07,0.0005561877624131739,0.002266472205519676
168,3.0961871743784287e-07,0.0005553092923946679,0.0022672771010547876
169,3.086424521825393e-07,0.0005544339073821902,0.0022680654656141996
170,3.0767188718527905e-07,0.0005535628297366202,0.0022688366007059813
171,3.06706922401645e-07,0.0005526943714357913,0.0022695912048220634
172,3.05746873436874e-07,0.0005518300458788872,0.0022703290451318026
173,3.0479238830594115e-07,0.000550969154573977,0.002271049888804555
174,3.038438535440946e-07,0.0005501117557287216,0.0022717537358403206
175,3.0290023460111117e-07,0.000549257209058851,0.0022724412847310305
176,3.019610790033767e-07,0.000548405630979687,0.00227311160415411
177,3.010266232195136e-07,0.000547558069229126,0.002273766091093421
178,3.000984884238278e-07,0.000546713185030967,0.002274403814226389
179,2.991745645886112e-07,0.0005458714440464973,0.002275024773553014
180,2.982553496622131e-07,0.0005450324970297515,0.00227562990039587
181,2.973406844830606e-07,0.0005441965186037123,0.002276218729093671
182,2.9643072366525305e-07,0.0005433635087683797,0.0022767905611544847
183,2.955249397018633e-07,0.0005425331764854491,0.002277347492054105
184,2.94623698664509e-07,0.0005417060456238687,0.0022778878919780254
185,2.9372737571975447e-07,0.0005408807191997766,0.002278412925079465
186,2.9283481580932855e-07,0.0005400585359893739,0.0022789218928664923
187,2.919464350270573e-07,0.0005392387392930686,0.0022794154938310385
188,2.9106228566888603e-07,0.000538421212695539,0.002279893960803747
189,2.9018173563599703e-07,0.0005376062472350895,0.002280356828123331
190,2.8930512598890343e-07,0.0005367936682887375,0.002280804794281721
191,2.8843255449828576e-07,0.0005359834176488221,0.0022812378592789173
192,2.875638188015728e-07,0.0005351755535230041,0.0022816562559455633
193,2.8669915764112374e-07,0.0005343695520423353,0.002282059285789728
194,2.858377615666541e-07,0.0005335658206604421,0.0022824485786259174
195,2.8497958396656033e-07,0.0005327637190930545,0.0022828239016234875
196,2.8412475330696904e-07,0.0005319640040397644,0.0022831838577985764
197,2.8327377776804497e-07,0.0005311659188009799,0.0022835310082882643
198,2.8242546136425516e-07,0.0005303697544150054,0.0022838639561086893
199,2.815809114053991e-07,0.0005295754526741803,0.002284182934090495
200,2.807390626458073e-07,0.0005287827225401998,0.0022844888735562563
201,2.799007404519216e-07,0.0005279920878820121,0.002284781774505973
202,2.7906560035262373e-07,0.0005272023263387382,0.00228506070561707
203,2.7823299433293867e-07,0.0005264146602712572,0.0022853275295346975
204,2.774028644125792e-07,0.0005256278091110289,0.002285581547766924
205,2.7657566874950135e-07,0.0005248432280495763,0.0022858227603137493
206,2.7575172339311394e-07,0.0005240595201030374,0.0022860520984977484
207,2.749299903825886e-07,0.000523276743479073,0.0022862693294882774
208,2.741105015502399e-07,0.0005224955966696143,0.002286473987624049
209,2.732940288296959e-07,0.0005217158468440175,0.0022866670042276382
210,2.7247974003330457e-07,0.0005209367955103517,0.002286848844960332
211,2.7166782615495324e-07,0.0005201588501222432,0.002287019044160843
212,2.708582712784846e-07,0.0005193820688873529,0.0022871780674904585
213,2.700509719488764e-07,0.0005186061607673764,0.0022873261477798223
214,2.692458940600773e-07,0.0005178310675546527,0.0022874632850289345
215,2.684428739030409e-07,0.000517056614626199,0.002287590177729726
216,2.676415397218079e-07,0.0005162832094356418,0.002287706360220909
217,2.668424144758319e-07,0.0005155103281140327,0.002287812065333128
218,2.66044968384449e-07,0.0005147383781149983,0.002287907525897026
219,2.6524970280661365e-07,0.0005139668355695903,0.002287993673235178
220,2.644564028742025e-07,0.0005131955840624869,0.002288069808855653
221,2.6366412726019916e-07,0.0005124249728396535,0.0022881366312503815
222,2.6287395030522023e-07,0.0005116553511470556,0.0022881939075887203
223,2.6208565714114227e-07,0.0005108852055855095,0.0022882423363626003
224,2.612984008010244e-07,0.0005101157585158944,0.002288281684741378
225,2.605124768706446e-07,0.0005093464278616011,0.00228831241838634
226,2.597285140382155e-07,0.0005085773882456124,0.0022883338388055563
227,2.5894583018271076e-07,0.0005078085232526064,0.002288347575813532
228,2.581639625987009e-07,0.0005070397746749222,0.002288352930918336
229,2.5738429940247445e-07,0.000506271084304899,0.0022883503697812557
230,2.566050818586518e-07,0.0005055022775195539,0.002288339426741004
231,2.558271978614357e-07,0.0005047337035648525,0.002288321265950799
232,2.550504109422036e-07,0.0005039644311182201,0.002288295654579997
233,2.5427429477531406e-07,0.0005031951004639268,0.002288262592628598
234,2.534996792746824e-07,0.0005024258862249553,0.0022882227785885334
235,2.5272592893088583e-07,0.0005016566137783229,0.0022881750483065844
236,2.519531403777364e-07,0.0005008865264244378,0.0022881212644279003
237,2.5118124085565797e-07,0.0005001165554858744,0.0022880600299686193
238,2.504101087197341e-07,0.0004993455368094146,0.002287992974743247
239,2.496393960882415e-07,0.0004985745763406157,0.002287919633090496
240,2.488698476099671e-07,0.0004978030337952077,0.002287839539349079
241,2.4810113586681836e-07,0.0004970307927578688,0.0022877538576722145
242,2.473323900176183e-07,0.0004962576203979552,0.002287662122398615
243,2.465642012339231e-07,0.0004954844480380416,0.0022875647991895676
244,2.4579717660344614e-07,0.000494710635393858,0.002287461655214429
245,2.4503032705069925e-07,0.0004939358332194388,0.00228735338896513
246,2.4426428922197376e-07,0.0004931597504764795,0.002287239534780383
247,2.4349794443878634e-07,0.000492383143864572,0.0022871210239827633
248,2.427324125164887e-07,0.0004916059551760554,0.002286997390910983
249,2.4196716367441697e-07,0.0004908277769573033,0.0022868686355650425
250,2.4120207172018125e-07,0.0004900482017546892,0.0022867354564368725
251,2.4043745952440074e-07,0.000489268044475466,0.0022865980863571167
252,2.396729337306169e-07,0.0004884867230430245,0.0022864555940032005
253,2.3890840566309635e-07,0.00048770473222248256,0.0022863091435283422
254,2.381445494847867e-07,0.0004869209660682827,0.002286158502101898
255,2.3738039544696222e-07,0.0004861365305259824,0.0022860036697238684
256,2.3661674731556558e-07,0.0004853503196500242,0.002285845810547471
257,2.3585238750456484e-07,0.00048456332297064364,0.002285683760419488
258,2.3508856997978e-07,0.00048377466737292707,0.002285517519339919
259,2.3432455009242404e-07,0.00048298510955646634,0.0022853482514619827
260,2.3356066435553658e-07,0.0004821935435757041,0.002285175258293748
261,2.3279633069250848e-07,0.00048140122089535,0.0022849994711577892
262,2.3203213572742243e-07,0.00048060709377750754,0.0022848204243928194
263,2.3126759060687618e-07,0.0004798117442987859,0.002284638350829482
264,2.305035070548911e-07,0.0004790147941093892,0.0022844530176371336
265,2.2973856061980769e-07,0.00047821601037867367,0.0022842648904770613
266,2.289736380589602e-07,0.0004774158587679267,0.002284074667841196
267,2.2820824938207806e-07,0.00047661413555033505,0.0022838811855763197
268,2.2744283342035488e-07,0.00047581037506461143,0.0022836860734969378
269,2.266768524350482e-07,0.00047500565415248275,0.0022834877017885447
270,2.2591077595279784e-07,0.00047419872134923935,0.0022832872346043587
271,2.25144324303983e-07,0.0004733899550046772,0.002283084439113736
272,2.2437732695834712e-07,0.0004725795006379485,0.002282879315316677
273,2.2361009314408874e-07,0.0004717671836260706,0.002282672328874469
274,2.2284205670075607e-07,0.0004709529457613826,0.0022824641782790422
275,2.2207412371244572e-07,0.0004701371071860194,0.002282253699377179
276,2.2130560296318435e-07,0.00046931905671954155,0.0022820415906608105
277,2.2053612156014424e-07,0.0004684990562964231,0.002281827386468649
278,2.1976664811518275e-07,0.00046767728053964674,0.0022816115524619818
279,2.1899658008806e-07,0.0004668530891649425,0.0022813950199633837
280,2.1822575149599288e-07,0.0004660271806642413,0.0022811759263277054
281,2.1745434878539526e-07,0.00046519938041456044,0.00228095636703074
282,2.166828187455394e-07,0.0004643692809622735,0.002280735643580556
283,2.159105622467905e-07,0.0004635369696188718,0.0022805132903158665
284,2.1513738147405092e-07,0.0004627025336958468,0.002280289540067315
285,2.1436385395645629e-07,0.0004618655366357416,0.002280064858496189
286,2.1358901562962275e-07,0.00046102708438411355,0.002279839478433132
287,2.1281435806486114e-07,0.0004601858090609312,0.0022796133998781443
288,2.1203853975748643e-07,0.00045934287481941283,0.0022793856915086508
289,2.1126268620719202e-07,0.00045849705929867923,0.0022791577503085136
290,2.1048571170467766e-07,0.00045764920650981367,0.0022789291106164455
291,2.0970813807252853e-07,0.00045679902541451156,0.002278699539601803
292,2.089298789087479e-07,0.0004559463995974511,0.002278469270095229
293,2.0815075117752714e-07,0.00045509118353947997,0.002278239233419299
294,2.0737077079502343e-07,0.000454234512289986,0.002278008032590151
295,2.0659065057770932e-07,0.0004533739702310413,0.002277775900438428
296,2.0580916043400066e-07,0.00045251200208440423,0.0022775440011173487
297,2.0502735765148827e-07,0.00045164735638536513,0.0022773118689656258
298,2.0424451918188425e-07,0.00045078026596456766,0.0022770792711526155
299,2.034615818047314e-07,0.0004499103524722159,0.002276846207678318
300,2.0267675267859887e-07,0.00044903819798491895,0.002276612911373377
301,2.0189183146612778e-07,0.00044816324952989817,0.0022763798478990793
302,2.0110609852963534e-07,0.00044728608918376267,0.002276146085932851
303,2.003196232180926e-07,0.00044640593114309013,0.0022759130224585533
304,1.9953223613811134e-07,0.00044552359031513333,0.002275679260492325
305,1.9874428630828333e-07,0.0004446384555194527,0.00227544573135674
306,1.97955524754434e-07,0.00044375049765221775,0.002275212202221155
307,1.9716560814231343e-07,0.0004428598331287503,0.0022749786730855703
308,1.9637519130810687e-07,0.00044196707312949,0.0022747458424419165
309,1.9558404915187566e-07,0.0004410714318510145,0.0022745125461369753
310,1.9479199409033754e-07,0.0004401732294354588,0.002274279249832034
311,1.9399948314458015e-07,0.0004392721166368574,0.002274046652019024
312,1.9320619571772112e-07,0.0004383680352475494,0.0022738142870366573
313,1.9241172253714466e-07,0.00043746153824031353,0.002273582387715578
314,1.9161681848345326e-07,0.0004365515196695924,0.0022733500227332115
315,1.9082085145782912e-07,0.0004356397548690438,0.0022731185890734196
316,1.9002437397830364e-07,0.00043472537072375417,0.0022728873882442713
317,1.8922748267868883e-07,0.00043380731949582696,0.0022726564202457666
318,1.8842904410121263e-07,0.00043288670713081956,0.0022724259179085493
319,1.876303383596678e-07,0.00043196414480917156,0.0022721963468939066
320,1.86831331348003e-07,0.00043103788630105555,0.002271966775879264
321,1.8603067587719123e-07,0.0004301089502405375,0.002271737204864621
322,1.8522959862821154e-07,0.0004291773366276175,0.0022715087980031967
323,1.8442833606968634e-07,0.00042824295815080404,0.0022712808568030596
324,1.8362602986599085e-07,0.0004273054073564708,0.0022710533812642097
325,1.8282296537108778e-07,0.00042636520811356604,0.0022708261385560036
326,1.82019088015295e-07,0.00042542212759144604,0.002270599827170372
327,1.8121513789992604e-07,0.0004244765150360763,0.0022703742142766714
328,1.8040997815660375e-07,0.0004235276428516954,0.0022701488342136145
329,1.7960408058570465e-07,0.0004225760349072516,0.002269924385473132
330,1.7879799997899682e-07,0.0004216214583721012,0.002269700402393937
331,1.7799142710828163e-07,0.0004206642333883792,0.0022694773506373167
332,1.771839549746801e-07,0.00041970371967181563,0.0022692542988806963
333,1.7637568475947773e-07,0.0004187409358564764,0.002269032411277294
334,1.7556705074639468e-07,0.00041777497972361743,0.0022688109893351793
335,1.747579824495915e-07,0.00041680611320771277,0.002268590498715639
336,1.7394846395291098e-07,0.000415834307204932,0.002268370473757386
337,1.7313809507868428e-07,0.0004148595326114446,0.002268151380121708
338,1.723273362586042e-07,0.00041388225508853793,0.002267932752147317
339,1.7151617726085533e-07,0.00041290203807875514,0.0022677150554955006
340,1.7070473404601216e-07,0.00041191885247826576,0.002267497358843684
341,1.69892332451127e-07,0.0004109323490411043,0.002267281524837017
342,1.690797125775134e-07,0.00040994369192048907,0.00226706569083035
343,1.6826689261506544e-07,0.0004089517460670322,0.0022668507881462574
344,1.6745337916290737e-07,0.0004079571517650038,0.002266636583954096
345,1.666398657107493e-07,0.00040695967618376017,0.0022664230782538652
346,1.6582564853706573e-07,0.00040595902828499675,0.002266210736706853
347,1.6501124605383666e-07,0.0004049559065606445,0.0022659986279904842
348,1.641965445742244e-07,0.0004039499326609075,0.002265787683427334
349,1.6338144519068009e-07,0.0004029410192742944,0.0022655774373561144
350,1.6256622757282456e-07,0.00040192893357016146,0.0022653681226074696
351,1.6175075984392606e-07,0.0004009146068710834,0.002265159273520112
352,1.6093532849481563e-07,0.0003998971951659769,0.002264951355755329
353,1.601193173428328e-07,0.00039887719321995974,0.00226474367082119
354,1.5930344829939713e-07,0.00039785433909855783,0.0022645373828709126
355,1.5848724046918505e-07,0.0003968289529439062,0.00226433202624321
356,1.5767096215313358e-07,0.0003958001616410911,0.002264127368107438
357,1.5685435869272624e-07,0.0003947689838241786,0.0022639234084635973
358,1.5603810425091068e-07,0.00039373539038933814,0.0022637201473116875
359,1.552220919620595e-07,0.0003926986246369779,0.0022635178174823523
360,1.5440532251886908e-07,0.00039165918133221567,0.0022633159533143044
361,1.535890442028176e-07,0.00039061770075932145,0.002263115020468831
362,1.527729068584449e-07,0.00038957298966124654,0.0022629150189459324
363,1.519567456398363e-07,0.00038852563011460006,0.0022627159487456083
364,1.5114066627575086e-07,0.0003874754183925688,0.002262517111375928
365,1.5032432315820188e-07,0.00038642314029857516,0.002262319903820753
366,1.4950871559449298e-07,0.0003853678936138749,0.0022621226962655783
367,1.4869307619846949e-07,0.0003843102022074163,0.0022619268856942654
368,1.4787789382353366e-07,0.00038325003697536886,0.0022617315407842398
369,1.4706300817124428e-07,0.0003821873979177326,0.002261537127196789
370,1.4624819186792592e-07,0.0003811222268268466,0.0022613436449319124
371,1.454338575967995e-07,0.00038005405804142356,0.002261150861158967
372,1.4461992350334186e-07,0.00037898405571468174,0.002260958543047309
373,1.438062338365853e-07,0.0003779115213546902,0.002260767389088869
374,1.429931762686465e-07,0.00037683622213080525,0.002260576467961073
375,1.4218069736671167e-07,0.00037575894384644926,0.0022603869438171387
376,1.4136846402834634e-07,0.00037467910442501307,0.0022601981181651354
377,1.4055692304282275e-07,0.0003735966747626662,0.0022600102238357067
378,1.3974587659504323e-07,0.0003725126734934747,0.0022598232608288527
379,1.389359135828272e-07,0.00037142587825655937,0.0022596365306526423
380,1.3812598581353086e-07,0.0003703370748553425,0.002259450498968363
381,1.3731726767218788e-07,0.00036924591404385865,0.0022592656314373016
382,1.365090383842471e-07,0.0003681528032757342,0.002259081695228815
383,1.3570166629506275e-07,0.00036705716047436,0.0022588984575122595
384,1.3489516504705533e-07,0.00036595913115888834,0.002258715918287635
385,1.3408909126155778e-07,0.00036486025783233345,0.002258534077554941
386,1.3328467616702254e-07,0.00036375789204612374,0.0022583529353141785
387,1.324802633462241e-07,0.000362654885975644,0.0022581727243959904
388,1.3167784118195414e-07,0.00036154958070255816,0.002257993444800377
389,1.3087608408568485e-07,0.00036044156877323985,0.0022578146308660507
390,1.3007494658268116e-07,0.00035933233448304236,0.0022576365154236555
391,1.2927513921567878e-07,0.0003582212084438652,0.002257460029795766
392,1.2847677965055483e-07,0.00035710804513655603,0.0022572833113372326
393,1.276791158488777e-07,0.00035599328111857176,0.002257108222693205
394,1.2688298625107564e-07,0.00035487691638991237,0.0022569335997104645
395,1.2608824818016728e-07,0.00035375828156247735,0.0022567592095583677
396,1.252944400675915e-07,0.0003526385989971459,0.0022565859835594893
397,1.2450220253867884e-07,0.0003515177813824266,0.0022564136888831854
398,1.2371187892767922e-07,0.0003503948973957449,0.0022562420926988125
399,1.2292234146116244e-07,0.0003492698888294399,0.0022560711950063705
400,1.2213403579153238e-07,0.0003481441817712039,0.0022559012286365032
401,1.2134775943195563e-07,0.0003470172523520887,0.002255731960758567
402,1.2056317189035326e-07,0.00034588848939165473,0.002255563158541918
403,1.1978001339230103e-07,0.0003447588824201375,0.0022553957533091307
404,1.1899853234353941e-07,0.0003436275292187929,0.002255228580906987
405,1.1821869861705637e-07,0.0003424951573833823,0.0022550623398274183
406,1.1744043149519711e-07,0.00034136197064071894,0.0022548967972397804
407,1.1666427610634855e-07,0.0003402277361601591,0.0022547319531440735
408,1.1589007328893785e-07,0.00033909225021488965,0.002254568040370941
409,1.1511750301451684e-07,0.00033795562922023237,0.0022544050589203835
410,1.1434701434609451e-07,0.0003368183388374746,0.0022542416118085384
411,1.1357818948454223e-07,0.0003356801753398031,0.0022540809586644173
412,1.1281157014764175e-07,0.0003345409350004047,0.002253919141367078
413,1.1204692214050738e-07,0.00033340149093419313,0.0022537598852068186
414,1.1128482753974822e-07,0.0003322615521028638,0.0022535996977239847
415,1.1052488787299807e-07,0.00033112018718384206,0.0022534416057169437
416,1.0976636815485109e-07,0.0003299789677839726,0.0022532830480486155
417,1.0901064285917528e-07,0.00032883670064620674,0.0022531268186867237
418,1.0825726860730356e-07,0.0003276945499237627,0.0022529689595103264
419,1.0750616866062046e-07,0.0003265517589170486,0.002252815291285515
420,1.06757412368097e-07,0.0003254089970141649,0.002252658363431692
421,1.0601118901831797e-07,0.00032426550751551986,0.002252507023513317
422,1.0526740823024739e-07,0.0003231224254705012,0.002252350328490138
423,1.0452625872403586e-07,0.00032197931432165205,0.0022522015497088432
424,1.0378767228758079e-07,0.0003208356793038547,0.002252044854685664
425,1.0305165062618471e-07,0.0003196929465048015,0.002251900266855955
426,1.0231855185338645e-07,0.0003185496316291392,0.0022517419420182705
427,1.0158754491840227e-07,0.0003174066951032728,0.0022516020108014345
428,1.0085997416808823e-07,0.00031626445706933737,0.0022514418233186007
429,1.0013464418534568e-07,0.00031512213172391057,0.002251309109851718
430,9.941265147972445e-08,0.0003139806794933975,0.0022511426359415054
431,9.86931343049946e-08,0.0003128392272628844,0.002251020399853587
432,9.797711527426144e-08,0.0003116992593277246,0.002250844147056341
433,9.726321934522275e-08,0.0003105592622887343,0.0022507382091134787
434,9.65542062658642e-08,0.00030942054581828415,0.0022505444940179586
435,9.584549218288885e-08,0.00030828165472485125,0.0022504650987684727
436,9.514309454061731e-08,0.00030714477179571986,0.002250240882858634
437,9.443990620638942e-08,0.00030600829632021487,0.0022502047941088676
438,9.374523926908296e-08,0.0003048740327358246,0.0022499277256429195
439,9.304722595970816e-08,0.0003037390997633338,0.0022499633487313986
440,9.236090363629046e-08,0.0003026081249117851,0.0022495966404676437
441,9.166711834041052e-08,0.00030147546203806996,0.0022497540339827538
442,9.099122337374865e-08,0.000300349056487903,0.0022492315620183945
443,9.030040928337258e-08,0.0002992197696585208,0.0022495989687740803
444,8.963810216755518e-08,0.00029809982515871525,0.0022488064132630825
445,8.89481418653304e-08,0.00029697638819925487,0.0022495314478874207
446,8.83048113564655e-08,0.00029586776508949697,0.002248281380161643
447,8.761351523389749e-08,0.000294755504000932,0.002249601297080517
448,8.699894408437104e-08,0.0002936678647529334,0.0022476157173514366
449,8.630451645785798e-08,0.00029257856658659875,0.0022498422767966986
450,8.573224192787166e-08,0.000291525007924065,0.0022467842791229486
451,8.503444519192272e-08,0.0002904721477534622,0.0022502390202134848
452,8.451815006083052e-08,0.000289460236672312,0.002245816634967923
453,8.381538009416545e-08,0.00028844765620306134,0.002250700956210494
454,8.335674181125796e-08,0.00028746636235155165,0.0022448215167969465
455,8.26437570822236e-08,0.0002864824200514704,0.002251082332804799
456,8.223107442972833e-08,0.0002855062484741211,0.002243925118818879
457,8.150102587478614e-08,0.0002845322887878865,0.0022512851282954216
458,8.111768067919912e-08,0.0002835482591763139,0.002243175869807601
459,8.037152610995691e-08,0.0002825772389769554,0.0022513025905936956
460,8.000756281489884e-08,0.00028158287750557065,0.0022425521165132523
461,7.925078762127669e-08,0.0002806131087709218,0.0022511803545057774
462,7.890070435223607e-08,0.00027961385785602033,0.0022420110180974007
463,7.81394982141137e-08,0.00027864897856488824,0.0022509689442813396
464,7.780170449223079e-08,0.00027764978585764766,0.00224151648581028
465,7.704144820763759e-08,0.00027669165865518153,0.0022507028188556433
466,7.671467699310597e-08,0.00027569534722715616,0.002241046167910099
467,7.595795409542916e-08,0.00027474670787341893,0.002250405726954341
468,7.564229690615321e-08,0.0002737550821620971,0.0022405877243727446
469,7.489054610232415e-08,0.0002728161052800715,0.0022500900086015463
470,7.45855322747957e-08,0.0002718315226957202,0.0022401344031095505
471,7.384054640624526e-08,0.0002709026448428631,0.0022497614845633507
472,7.354576666784851e-08,0.0002699252509046346,0.0022396836429834366
473,7.280740021542443e-08,0.0002690074034035206,0.0022494264412671328
474,7.252322347994778e-08,0.00026803783839568496,0.0022392345126718283
475,7.17919812132095e-08,0.00026713139959611,0.002249086042866111
476,7.151794875426276e-08,0.00026617018738761544,0.0022387856151908636
477,7.079449687807937e-08,0.0002652750408742577,0.0022487409878522158
478,7.053034892123833e-08,0.00026432250160723925,0.002238338114693761
479,6.981460671795503e-08,0.000263439113041386,0.0022483933717012405
480,6.956014885872719e-08,0.0002624954213388264,0.00223789201118052
481,6.88524445990879e-08,0.0002616234414745122,0.0022480429615825415
482,6.860757338245094e-08,0.00026068883016705513,0.00223744660615921
483,6.790819639945767e-08,0.00025982875376939774,0.002247690223157406
484,6.767266739871047e-08,0.0002589033101685345,0.0022370025981217623
485,6.69812490627919e-08,0.0002580552245490253,0.002247335622087121
486,6.675480562989833e-08,0.00025713947252370417,0.0022365604527294636
487,6.607192091223623e-08,0.0002563034649938345,0.0022469796240329742
488,6.585486318044786e-08,0.00025539775379002094,0.002236120868474245
489,6.518032193980617e-08,0.00025457367883063853,0.002246622461825609
490,6.497168243413398e-08,0.00025367774651385844,0.0022356838453561068
491,6.430607129459532e-08,0.0002528662153054029,0.0022462639026343822
492,6.410616776975075e-08,0.00025198067305609584,0.0022352489177137613
493,6.34493076745457e-08,0.00025118098710663617,0.0022459053434431553
494,6.325768083570437e-08,0.00025030592223629355,0.0022348174825310707
495,6.260958627990476e-08,0.0002495184598956257,0.0022455460857599974
496,6.242637425657448e-08,0.0002486541634425521,0.002234389539808035
497,6.178705348247604e-08,0.0002478790411259979,0.002245187060907483
498,6.161215083011484e-08,0.00024702565860934556,0.0022339646238833666
499,6.098167574464242e-08,0.0002462630800437182,0.002244827803224325
500,6.081439238414532e-08,0.0002454199711792171,0.0022335436660796404
